scenario,max_in_jam,max_stopped,max_gap_pressure,max_v_diff,min_velocity,avg_velocity_before,avg_velocity_during,velocity_drop,total_energy,total_time_lost,min_efficiency,flow_before,flow_during,flow_drop_pct,recovery_time,disturbance
Disturbance_D08,8,3,0.45,23.61,0.0,23.022222222222226,21.674444444444447,1.3477777777777789,405.7,2.9,92.2,1319.0,1241.7777777777778,5.854603655968322,119,8
Disturbance_D10,9,3,0.45,23.61,0.0,23.022222222222226,21.582222222222224,1.4400000000000013,415.1,3.3,91.6,1319.0,1236.3333333333333,6.267374273439481,121,10
Disturbance_D12,9,3,0.45,23.61,0.0,23.022222222222226,21.517777777777773,1.5044444444444522,418.6,3.5,91.2,1319.0,1232.7777777777778,6.536938758318588,125,12
Disturbance_D15,9,3,0.45,23.61,0.0,23.022222222222226,21.464444444444446,1.5577777777777797,425.2,3.8,90.9,1319.0,1229.888888888889,6.755959902282873,126,15
Disturbance_D18,9,3,0.45,23.61,0.0,23.022222222222226,21.433333333333334,1.5888888888888921,428.5,4.0,90.6,1319.0,1227.888888888889,6.907589925027376,126,18
